subSectionID,fieldID,sortOrder,isMandatory,isEditable,isDependent,isHide,fieldDependencyID,QuestionID
1000,1000,1,FALSE,FALSE,FALSE,FALSE,1000,0
1000,1001,2,TRUE,TRUE,FALSE,FALSE,1001,0
1000,1002,3,FALSE,TRUE,FALSE,FALSE,1002,0
1000,1003,4,FALSE,TRUE,FALSE,FALSE,1003,0
1000,1004,5,FALSE,TRUE,FALSE,FALSE,1004,0
1000,1005,6,FALSE,TRUE,FALSE,FALSE,1005,0
1000,1006,7,FALSE,TRUE,FALSE,FALSE,1006,0
1001,1007,1,FALSE,FALSE,FALSE,FALSE,1007,0
1001,1008,2,FALSE,FALSE,FALSE,FALSE,1008,0
1001,1009,3,FALSE,TRUE,FALSE,FALSE,1009,0
1001,1001,4,FALSE,TRUE,FALSE,FALSE,1010,0
1001,1002,5,FALSE,TRUE,FALSE,FALSE,1011,0
1001,1004,6,FALSE,TRUE,FALSE,FALSE,1012,0
1001,1005,7,FALSE,TRUE,FALSE,FALSE,1013,0
1001,1006,8,FALSE,TRUE,FALSE,FALSE,1014,0
1001,1010,9,FALSE,TRUE,TRUE,FALSE,1015,0
1001,1011,10,TRUE,FALSE,FALSE,FALSE,1016,0
1001,1003,11,FALSE,TRUE,FALSE,FALSE,1017,0
1001,1012,12,FALSE,TRUE,FALSE,FALSE,1018,0
1001,1013,13,FALSE,FALSE,FALSE,FALSE,1019,0
1001,1014,14,TRUE,TRUE,FALSE,FALSE,1020,0
1001,1015,15,FALSE,TRUE,FALSE,FALSE,1021,0
1001,1016,16,TRUE,TRUE,TRUE,FALSE,1022,0
1001,1017,17,TRUE,TRUE,TRUE,FALSE,1023,0
1001,1018,18,TRUE,TRUE,TRUE,FALSE,1024,0
1001,1019,19,FALSE,FALSE,FALSE,FALSE,1025,0
1002,1020,1,FALSE,FALSE,FALSE,FALSE,1026,0
1002,1008,2,FALSE,FALSE,FALSE,FALSE,1027,0
1002,1009,3,TRUE,TRUE,FALSE,FALSE,1028,0
1002,1001,4,TRUE,TRUE,TRUE,FALSE,1029,0
1002,1002,5,FALSE,TRUE,TRUE,FALSE,1030,0
1002,1027,6,TRUE,TRUE,FALSE,FALSE,1031,0
1002,1028,7,TRUE,TRUE,FALSE,FALSE,1032,0
1002,1010,8,TRUE,TRUE,TRUE,FALSE,1033,0
1002,1011,9,TRUE,FALSE,FALSE,FALSE,1034,0
1002,1006,10,FALSE,TRUE,FALSE,FALSE,1035,0
1002,1004,11,FALSE,TRUE,FALSE,FALSE,1036,0
1002,1005,12,FALSE,TRUE,FALSE,FALSE,1037,0
1002,1003,13,FALSE,TRUE,FALSE,FALSE,1038,0
1002,1012,14,FALSE,TRUE,TRUE,FALSE,1039,0
1002,1029,15,TRUE,TRUE,FALSE,FALSE,1040,0
1002,1030,16,TRUE,TRUE,TRUE,FALSE,1041,0
1002,1013,17,FALSE,FALSE,FALSE,FALSE,1042,0
1002,1014,18,TRUE,TRUE,FALSE,FALSE,1043,0
1002,1015,19,FALSE,TRUE,FALSE,FALSE,1044,0
1002,1016,20,TRUE,TRUE,TRUE,FALSE,1045,0
1002,1017,21,TRUE,TRUE,TRUE,FALSE,1046,0
1002,1018,22,TRUE,TRUE,TRUE,FALSE,1047,0
1002,1019,23,FALSE,FALSE,FALSE,FALSE,1048,0
1003,1381,1,FALSE,FALSE,FALSE,FALSE,1633,0
1003,1021,2,FALSE,FALSE,FALSE,FALSE,1049,0
1003,1031,3,FALSE,FALSE,FALSE,FALSE,1050,0
1003,1032,4,TRUE,FALSE,FALSE,FALSE,1051,0
1003,1010,5,TRUE,FALSE,FALSE,FALSE,1052,0
1003,1011,6,TRUE,FALSE,TRUE,FALSE,1053,0
1003,1033,7,FALSE,FALSE,FALSE,FALSE,1054,0
1003,1012,8,TRUE,FALSE,FALSE,FALSE,1055,0
1003,1034,9,FALSE,TRUE,FALSE,FALSE,1056,0
1003,1104,10,FALSE,FALSE,FALSE,TRUE,1057,0
1003,1032,11,TRUE,TRUE,FALSE,TRUE,1058,0
1003,1010,12,TRUE,TRUE,TRUE,TRUE,1059,0
1003,1011,13,TRUE,FALSE,FALSE,TRUE,1060,0
1003,1012,14,TRUE,TRUE,FALSE,TRUE,1061,0
1003,1034,15,FALSE,TRUE,FALSE,TRUE,1062,0
1003,1035,16,FALSE,TRUE,FALSE,TRUE,1063,0
1003,1085,17,FALSE,TRUE,TRUE,FALSE,1064,0
1003,1086,18,FALSE,TRUE,TRUE,TRUE,1065,0
1004,1022,1,FALSE,FALSE,FALSE,FALSE,1066,0
1004,1036,2,TRUE,TRUE,TRUE,FALSE,1067,0
1004,1037,3,TRUE,TRUE,TRUE,FALSE,1068,0
1004,1038,4,TRUE,TRUE,TRUE,FALSE,1069,0
1004,1039,5,TRUE,TRUE,TRUE,FALSE,1070,0
1004,1040,6,TRUE,TRUE,TRUE,FALSE,1071,0
1004,1041,7,TRUE,TRUE,TRUE,FALSE,1072,0
1004,1042,8,TRUE,TRUE,TRUE,FALSE,1073,0
1004,1043,9,TRUE,TRUE,TRUE,FALSE,1074,0
1004,1044,10,TRUE,TRUE,TRUE,FALSE,1075,0
1004,1045,11,TRUE,FALSE,FALSE,FALSE,1076,0
1004,1046,12,TRUE,TRUE,FALSE,FALSE,1077,0
1005,1023,1,TRUE,TRUE,FALSE,FALSE,1078,0
1005,1047,2,TRUE,TRUE,FALSE,FALSE,1079,0
1005,1048,3,TRUE,TRUE,TRUE,FALSE,1080,0
1005,1049,4,TRUE,TRUE,TRUE,FALSE,1081,0
1005,1050,5,TRUE,TRUE,FALSE,FALSE,1082,0
1005,1051,6,TRUE,TRUE,TRUE,FALSE,1083,0
1005,1052,7,TRUE,TRUE,TRUE,FALSE,1084,0
1005,1053,8,FALSE,FALSE,FALSE,FALSE,1085,0
1005,1054,9,FALSE,FALSE,FALSE,FALSE,1086,0
1005,1055,10,TRUE,TRUE,TRUE,FALSE,1087,0
1005,1056,11,TRUE,TRUE,TRUE,FALSE,1088,0
1005,1057,12,TRUE,TRUE,TRUE,FALSE,1089,0
1005,1058,13,TRUE,TRUE,TRUE,FALSE,1090,0
1005,1053,14,FALSE,FALSE,FALSE,FALSE,1091,0
1005,1060,15,FALSE,TRUE,FALSE,FALSE,1092,0
1006,1024,1,FALSE,FALSE,FALSE,FALSE,1093,0
1006,1061,2,FALSE,FALSE,FALSE,FALSE,1094,0
1006,1062,3,TRUE,TRUE,TRUE,FALSE,1095,0
1006,1063,4,TRUE,TRUE,TRUE,TRUE,1096,0
1006,1064,5,FALSE,FALSE,FALSE,FALSE,1097,0
1006,1065,6,FALSE,FALSE,FALSE,FALSE,1098,0
1006,1066,7,FALSE,FALSE,FALSE,FALSE,1099,0
1006,1067,8,FALSE,FALSE,FALSE,FALSE,1100,0
1006,1068,9,FALSE,FALSE,FALSE,FALSE,1101,0
1006,1069,10,FALSE,TRUE,TRUE,FALSE,1102,0
1006,1070,11,FALSE,FALSE,FALSE,TRUE,1103,0
1006,1071,12,FALSE,TRUE,TRUE,TRUE,1104,0
1006,1382,13,FALSE,TRUE,TRUE,TRUE,1635,0
1006,1383,14,TRUE,FALSE,FALSE,TRUE,1636,0
1006,1384,15,TRUE,FALSE,FALSE,TRUE,1637,0
1006,1385,16,TRUE,FALSE,FALSE,TRUE,1638,0
1006,1386,17,TRUE,FALSE,FALSE,TRUE,1639,0
1006,1387,18,TRUE,FALSE,FALSE,TRUE,1640,0
1006,1072,19,FALSE,TRUE,TRUE,FALSE,1105,0
1006,1073,20,FALSE,FALSE,FALSE,FALSE,1106,0
1006,1074,21,FALSE,FALSE,FALSE,FALSE,1107,0
1007,1025,1,FALSE,TRUE,FALSE,FALSE,1108,0
1007,1082,2,FALSE,TRUE,TRUE,FALSE,1109,0
1007,1082,3,FALSE,TRUE,TRUE,FALSE,1110,0
1007,1082,4,FALSE,TRUE,TRUE,FALSE,1111,0
1007,1082,5,FALSE,TRUE,TRUE,FALSE,1112,0
1007,1082,6,FALSE,TRUE,TRUE,FALSE,1113,0
1007,1082,7,FALSE,TRUE,TRUE,FALSE,1114,0
1007,1082,8,FALSE,TRUE,TRUE,FALSE,1115,0
1007,1053,9,FALSE,FALSE,FALSE,FALSE,1116,0
1007,1083,10,FALSE,TRUE,FALSE,FALSE,1117,0
1007,1084,11,FALSE,TRUE,FALSE,FALSE,1118,0
1008,1026,1,FALSE,TRUE,FALSE,FALSE,1119,0
1008,1075,2,FALSE,TRUE,FALSE,FALSE,1120,0
1008,1076,3,FALSE,TRUE,FALSE,FALSE,1121,0
1008,1077,4,FALSE,TRUE,FALSE,FALSE,1122,0
1008,1078,5,FALSE,TRUE,TRUE,FALSE,1123,0
1008,1083,6,FALSE,TRUE,FALSE,TRUE,1124,0
1008,1079,7,TRUE,TRUE,FALSE,FALSE,1125,0
1008,1080,8,FALSE,TRUE,FALSE,FALSE,1126,0
1008,1076,9,FALSE,TRUE,FALSE,FALSE,1127,0
1008,1081,10,TRUE,TRUE,FALSE,FALSE,1128,0
1008,1105,11,FALSE,TRUE,FALSE,TRUE,2211,0
1008,1106,12,FALSE,TRUE,FALSE,TRUE,2213,0
1009,1020,1,FALSE,FALSE,FALSE,FALSE,1129,0
1009,1008,2,FALSE,FALSE,FALSE,FALSE,1130,0
1009,1009,3,TRUE,FALSE,FALSE,FALSE,1131,0
1009,1001,4,TRUE,FALSE,FALSE,FALSE,1132,0
1009,1002,5,FALSE,FALSE,FALSE,FALSE,1133,0
1009,1027,6,TRUE,FALSE,FALSE,FALSE,1134,0
1009,1028,7,TRUE,FALSE,FALSE,FALSE,1135,0
1009,1010,8,TRUE,FALSE,FALSE,FALSE,1136,0
1009,1011,9,TRUE,FALSE,TRUE,FALSE,1137,0
1009,1006,10,FALSE,FALSE,FALSE,FALSE,1138,0
1009,1004,11,FALSE,FALSE,FALSE,FALSE,1139,0
1009,1005,12,FALSE,FALSE,FALSE,FALSE,1140,0
1009,1003,13,FALSE,FALSE,FALSE,FALSE,1141,0
1009,1012,14,FALSE,FALSE,FALSE,FALSE,1142,0
1009,1029,15,TRUE,FALSE,FALSE,FALSE,1143,0
1009,1030,16,TRUE,FALSE,FALSE,FALSE,1144,0
1009,1013,17,FALSE,FALSE,FALSE,FALSE,1145,0
1009,1014,18,TRUE,FALSE,FALSE,FALSE,1146,0
1009,1015,19,FALSE,FALSE,FALSE,FALSE,1147,0
1009,1016,20,TRUE,FALSE,TRUE,FALSE,1148,0
1009,1017,21,TRUE,FALSE,TRUE,FALSE,1149,0
1009,1018,22,TRUE,FALSE,TRUE,FALSE,1150,0
1009,1019,23,FALSE,FALSE,FALSE,FALSE,1151,0
1010,1381,1,FALSE,FALSE,FALSE,FALSE,1634,0
1010,1021,2,FALSE,FALSE,FALSE,FALSE,1152,0
1010,1031,3,FALSE,FALSE,FALSE,FALSE,1153,0
1010,1032,4,TRUE,FALSE,FALSE,FALSE,1154,0
1010,1010,5,TRUE,FALSE,FALSE,FALSE,1155,0
1010,1011,6,TRUE,FALSE,FALSE,FALSE,1156,0
1010,1033,7,FALSE,FALSE,FALSE,FALSE,1157,0
1010,1012,8,TRUE,FALSE,FALSE,FALSE,1158,0
1010,1034,9,FALSE,FALSE,FALSE,FALSE,1159,0
1010,1104,10,FALSE,FALSE,FALSE,TRUE,1160,0
1010,1032,11,TRUE,FALSE,FALSE,TRUE,1161,0
1010,1010,12,TRUE,FALSE,FALSE,TRUE,1162,0
1010,1011,13,TRUE,FALSE,TRUE,TRUE,1163,0
1010,1012,14,TRUE,FALSE,FALSE,TRUE,1164,0
1010,1034,15,FALSE,FALSE,FALSE,TRUE,1165,0
1010,1035,16,FALSE,FALSE,FALSE,TRUE,1166,0
1010,1085,17,FALSE,FALSE,TRUE,FALSE,1167,0
1010,1086,18,FALSE,FALSE,TRUE,TRUE,1168,0
1011,1022,1,FALSE,FALSE,FALSE,FALSE,1169,0
1011,1036,2,TRUE,FALSE,FALSE,FALSE,1170,0
1011,1037,3,TRUE,FALSE,FALSE,FALSE,1171,0
1011,1038,4,TRUE,FALSE,FALSE,FALSE,1172,0
1011,1039,5,TRUE,FALSE,FALSE,FALSE,1173,0
1011,1040,6,TRUE,FALSE,FALSE,FALSE,1174,0
1011,1041,7,TRUE,FALSE,FALSE,FALSE,1175,0
1011,1042,8,TRUE,FALSE,FALSE,FALSE,1176,0
1011,1043,9,TRUE,FALSE,FALSE,FALSE,1177,0
1011,1044,10,TRUE,FALSE,FALSE,FALSE,1178,0
1011,1045,11,TRUE,FALSE,FALSE,FALSE,1179,0
1011,1046,12,TRUE,FALSE,FALSE,FALSE,1180,0
1012,1023,1,TRUE,FALSE,FALSE,FALSE,1181,0
1012,1047,2,TRUE,FALSE,FALSE,FALSE,1182,0
1012,1048,3,TRUE,FALSE,FALSE,FALSE,1183,0
1012,1049,4,TRUE,FALSE,FALSE,FALSE,1184,0
1012,1050,5,TRUE,FALSE,FALSE,FALSE,1185,0
1012,1051,6,TRUE,FALSE,FALSE,FALSE,1186,0
1012,1052,7,TRUE,FALSE,FALSE,FALSE,1187,0
1012,1053,8,FALSE,FALSE,FALSE,FALSE,1188,0
1012,1054,9,FALSE,FALSE,FALSE,FALSE,1189,0
1012,1055,10,TRUE,FALSE,FALSE,FALSE,1190,0
1012,1056,11,TRUE,FALSE,FALSE,FALSE,1191,0
1012,1057,12,TRUE,FALSE,FALSE,FALSE,1192,0
1012,1058,13,TRUE,FALSE,FALSE,FALSE,1193,0
1012,1053,14,FALSE,FALSE,FALSE,FALSE,1194,0
1012,1060,15,FALSE,FALSE,FALSE,FALSE,1195,0
1013,1024,1,FALSE,FALSE,FALSE,FALSE,1196,0
1013,1061,2,FALSE,FALSE,FALSE,FALSE,1197,0
1013,1062,3,TRUE,FALSE,FALSE,FALSE,1198,0
1013,1063,4,TRUE,FALSE,FALSE,FALSE,1199,0
1013,1064,5,FALSE,FALSE,FALSE,FALSE,1200,0
1013,1065,6,FALSE,FALSE,FALSE,FALSE,1201,0
1013,1066,7,FALSE,FALSE,FALSE,FALSE,1202,0
1013,1067,8,FALSE,FALSE,FALSE,FALSE,1203,0
1013,1068,9,FALSE,FALSE,FALSE,FALSE,1204,0
1013,1069,10,FALSE,FALSE,TRUE,FALSE,1205,0
1013,1070,11,FALSE,FALSE,FALSE,TRUE,1206,0
1013,1071,12,FALSE,FALSE,FALSE,TRUE,1207,0
1013,1382,13,FALSE,FALSE,TRUE,TRUE,1641,0
1013,1383,14,TRUE,FALSE,TRUE,TRUE,1642,0
1013,1384,15,TRUE,FALSE,TRUE,TRUE,1643,0
1013,1385,16,TRUE,FALSE,TRUE,TRUE,1644,0
1013,1386,17,TRUE,FALSE,TRUE,TRUE,1645,0
1013,1387,18,TRUE,FALSE,TRUE,TRUE,1646,0
1013,1072,19,FALSE,FALSE,FALSE,FALSE,1208,0
1013,1073,20,FALSE,FALSE,FALSE,FALSE,1209,0
1013,1074,21,FALSE,FALSE,FALSE,FALSE,1210,0
1014,1025,1,FALSE,FALSE,FALSE,FALSE,1211,0
1014,1082,2,FALSE,FALSE,FALSE,FALSE,1212,0
1014,1082,3,FALSE,FALSE,FALSE,FALSE,1213,0
1014,1082,4,FALSE,FALSE,FALSE,FALSE,1214,0
1014,1082,5,FALSE,FALSE,FALSE,FALSE,1215,0
1014,1082,6,FALSE,FALSE,FALSE,FALSE,1216,0
1014,1082,7,FALSE,FALSE,FALSE,FALSE,1217,0
1014,1082,8,FALSE,FALSE,FALSE,FALSE,1218,0
1014,1053,9,FALSE,FALSE,FALSE,FALSE,1219,0
1014,1083,10,FALSE,FALSE,FALSE,FALSE,1220,0
1014,1084,11,FALSE,FALSE,FALSE,FALSE,1221,0
1015,1026,1,FALSE,FALSE,FALSE,FALSE,1222,0
1015,1075,2,FALSE,FALSE,FALSE,FALSE,1223,0
1015,1076,3,FALSE,FALSE,FALSE,FALSE,1224,0
1015,1077,4,FALSE,FALSE,FALSE,FALSE,1225,0
1015,1078,5,FALSE,FALSE,TRUE,FALSE,1226,0
1015,1083,6,FALSE,FALSE,FALSE,TRUE,1227,0
1015,1079,7,TRUE,FALSE,FALSE,FALSE,1228,0
1015,1080,8,FALSE,FALSE,FALSE,FALSE,1229,0
1015,1076,9,FALSE,FALSE,FALSE,FALSE,1230,0
1015,1081,10,TRUE,FALSE,FALSE,FALSE,1231,0
1016,1087,1,FALSE,FALSE,FALSE,FALSE,1232,0
1016,1088,2,FALSE,FALSE,FALSE,FALSE,1233,0
1016,1089,3,FALSE,FALSE,FALSE,FALSE,1234,0
1016,1090,4,TRUE,TRUE,TRUE,FALSE,1235,0
1016,1091,5,TRUE,FALSE,FALSE,FALSE,1236,0
1016,1092,6,TRUE,TRUE,FALSE,FALSE,1237,0
1016,1093,7,TRUE,TRUE,FALSE,FALSE,1238,0
1016,1450,8,TRUE,TRUE,FALSE,TRUE,1712,0
1016,1451,9,TRUE,TRUE,FALSE,TRUE,1713,0
1016,1452,10,TRUE,TRUE,FALSE,TRUE,1714,0
1016,1094,11,TRUE,TRUE,FALSE,FALSE,1239,0
1016,1095,12,FALSE,TRUE,TRUE,FALSE,1240,0
1016,1096,13,FALSE,FALSE,TRUE,FALSE,1241,0
1016,1097,14,FALSE,TRUE,TRUE,TRUE,1242,0
1016,1098,15,FALSE,TRUE,TRUE,TRUE,1243,0
1016,1032,16,FALSE,TRUE,FALSE,TRUE,1244,0
1016,1028,17,FALSE,TRUE,FALSE,TRUE,1245,0
1016,1027,18,TRUE,TRUE,FALSE,TRUE,1246,0
1016,1010,19,FALSE,FALSE,FALSE,TRUE,1247,0
1016,1011,20,TRUE,FALSE,FALSE,TRUE,1248,0
1016,1012,21,FALSE,TRUE,FALSE,TRUE,1249,0
1016,1099,22,FALSE,TRUE,TRUE,TRUE,1250,0
1016,1085,23,TRUE,FALSE,FALSE,TRUE,1251,0
1016,1086,24,FALSE,FALSE,TRUE,TRUE,1252,0
1016,1032,13,FALSE,TRUE,FALSE,TRUE,1256,0
1016,1028,14,FALSE,TRUE,FALSE,TRUE,1257,0
1016,1027,15,TRUE,TRUE,FALSE,TRUE,1258,0
1016,1010,16,FALSE,TRUE,FALSE,TRUE,1259,0
1016,1011,17,TRUE,TRUE,FALSE,TRUE,1260,0
1016,1012,18,FALSE,TRUE,FALSE,TRUE,1261,0
1016,1101,25,FALSE,TRUE,TRUE,TRUE,1253,0
1016,1102,26,FALSE,TRUE,FALSE,TRUE,1254,0
1016,1103,27,FALSE,TRUE,FALSE,FALSE,1255,0
1017,1127,1,FALSE,FALSE,FALSE,FALSE,1262,0
1017,1107,2,FALSE,FALSE,FALSE,FALSE,1263,0
1017,1108,3,FALSE,FALSE,TRUE,FALSE,1264,0
1017,1109,4,FALSE,FALSE,TRUE,FALSE,1265,0
1017,1110,5,FALSE,FALSE,TRUE,FALSE,1266,0
1017,1111,6,FALSE,FALSE,TRUE,FALSE,1267,0
1017,1112,7,FALSE,FALSE,TRUE,FALSE,1268,0
1017,1089,8,FALSE,FALSE,TRUE,FALSE,1269,0
1018,1128,1,FALSE,FALSE,FALSE,FALSE,1270,0
1018,1009,2,FALSE,FALSE,TRUE,FALSE,1271,0
1018,1001,3,FALSE,TRUE,TRUE,FALSE,1272,0
1018,1113,4,FALSE,TRUE,TRUE,FALSE,1273,0
1018,1002,5,FALSE,TRUE,TRUE,FALSE,1274,0
1018,1114,6,FALSE,FALSE,TRUE,FALSE,1275,0
1018,1010,7,FALSE,FALSE,TRUE,FALSE,1276,0
1018,1011,8,FALSE,FALSE,TRUE,FALSE,1277,0
1018,1028,9,FALSE,FALSE,TRUE,FALSE,1278,0
1018,1030,10,FALSE,FALSE,TRUE,FALSE,1279,0
1018,1115,11,FALSE,TRUE,FALSE,FALSE,1280,0
1018,1116,12,FALSE,FALSE,TRUE,FALSE,1281,0
1018,1012,13,FALSE,FALSE,TRUE,FALSE,1282,0
1018,1117,14,TRUE,TRUE,FALSE,FALSE,1283,0
1018,1118,15,TRUE,TRUE,FALSE,FALSE,1284,0
1018,1119,16,FALSE,FALSE,TRUE,FALSE,1285,0
1018,1120,17,TRUE,TRUE,FALSE,FALSE,1286,0
1018,1121,18,FALSE,FALSE,FALSE,FALSE,1287,0
1018,1122,19,TRUE,TRUE,TRUE,FALSE,1288,0
1018,1123,20,FALSE,TRUE,TRUE,FALSE,1289,0
1018,1004,21,FALSE,TRUE,TRUE,FALSE,1290,0
1018,1005,22,FALSE,TRUE,TRUE,FALSE,1291,0
1018,1006,23,FALSE,TRUE,TRUE,FALSE,1292,0
1018,1013,24,FALSE,FALSE,TRUE,FALSE,1293,0
1018,1014,25,FALSE,TRUE,TRUE,FALSE,1294,0
1018,1015,26,FALSE,TRUE,TRUE,FALSE,1295,0
1018,1016,27,FALSE,TRUE,TRUE,FALSE,1296,0
1018,1017,28,FALSE,TRUE,TRUE,FALSE,1297,0
1018,1018,29,FALSE,TRUE,TRUE,FALSE,1298,0
1018,1019,30,FALSE,FALSE,TRUE,FALSE,1299,0
1018,1124,31,FALSE,FALSE,FALSE,FALSE,1300,0
1018,1125,32,TRUE,FALSE,TRUE,FALSE,1301,0
1018,1014,33,TRUE,TRUE,FALSE,FALSE,1302,0
1018,1015,34,FALSE,TRUE,FALSE,FALSE,1303,0
1018,1016,35,TRUE,TRUE,TRUE,FALSE,1304,0
1018,1017,36,TRUE,TRUE,TRUE,FALSE,1305,0
1018,1018,37,TRUE,TRUE,TRUE,FALSE,1306,0
1018,1019,38,TRUE,FALSE,TRUE,FALSE,1307,0
1018,1126,39,FALSE,FALSE,FALSE,FALSE,1308,0
1019,1129,1,FALSE,FALSE,FALSE,FALSE,1309,0
1019,1168,2,FALSE,TRUE,TRUE,FALSE,1310,0
1019,1135,3,FALSE,FALSE,TRUE,FALSE,1311,0
1019,1009,4,TRUE,TRUE,TRUE,FALSE,1312,0
1019,1001,5,TRUE,TRUE,TRUE,FALSE,1313,0
1019,1113,6,FALSE,TRUE,TRUE,FALSE,1314,0
1019,1002,7,TRUE,TRUE,TRUE,FALSE,1315,0
1019,1114,8,FALSE,FALSE,TRUE,FALSE,1316,0
1019,1010,9,FALSE,FALSE,TRUE,FALSE,1317,0
1019,1011,10,FALSE,FALSE,TRUE,FALSE,1318,0
1019,1028,11,FALSE,FALSE,TRUE,FALSE,1319,0
1019,1030,12,FALSE,FALSE,TRUE,TRUE,1320,0
1019,1120,13,TRUE,TRUE,TRUE,FALSE,1321,0
1019,1115,14,FALSE,TRUE,TRUE,TRUE,1322,0
1019,1116,15,FALSE,FALSE,TRUE,TRUE,1323,0
1019,1012,16,FALSE,FALSE,TRUE,TRUE,1324,0
1019,1117,17,TRUE,TRUE,TRUE,TRUE,1325,0
1019,1118,18,TRUE,TRUE,TRUE,TRUE,1326,0
1019,1119,19,TRUE,TRUE,TRUE,TRUE,1327,0
1019,1136,20,FALSE,TRUE,TRUE,TRUE,1328,0
1019,1121,21,FALSE,FALSE,FALSE,TRUE,1329,0
1019,1122,22,TRUE,TRUE,TRUE,TRUE,1330,0
1019,1123,23,FALSE,TRUE,TRUE,TRUE,1331,0
1019,1004,24,FALSE,TRUE,TRUE,TRUE,1332,0
1019,1005,25,FALSE,TRUE,TRUE,TRUE,1333,0
1019,1006,26,FALSE,TRUE,TRUE,TRUE,1334,0
1019,1013,27,FALSE,FALSE,FALSE,TRUE,1335,0
1019,1137,28,FALSE,TRUE,TRUE,TRUE,1336,0
1019,1014,29,TRUE,TRUE,TRUE,TRUE,1337,0
1019,1015,30,FALSE,TRUE,TRUE,TRUE,1338,0
1019,1016,31,TRUE,TRUE,TRUE,TRUE,1339,0
1019,1017,32,TRUE,TRUE,TRUE,TRUE,1340,0
1019,1018,33,TRUE,TRUE,TRUE,TRUE,1341,0
1019,1019,34,FALSE,TRUE,TRUE,TRUE,1342,0
1019,1124,35,FALSE,FALSE,FALSE,TRUE,1343,0
1019,1125,36,FALSE,TRUE,TRUE,TRUE,1344,0
1019,1014,37,TRUE,TRUE,TRUE,TRUE,1345,0
1019,1015,38,FALSE,TRUE,TRUE,TRUE,1346,0
1019,1016,39,TRUE,TRUE,TRUE,TRUE,1347,0
1019,1017,40,TRUE,TRUE,TRUE,TRUE,1348,0
1019,1018,41,TRUE,TRUE,TRUE,TRUE,1349,0
1019,1019,42,FALSE,TRUE,TRUE,TRUE,1350,0
1020,1130,1,FALSE,FALSE,FALSE,FALSE,1351,0
1020,1168,2,FALSE,TRUE,TRUE,FALSE,1393,0
1020,1138,2,FALSE,FALSE,FALSE,FALSE,1352,0
1021,1131,1,FALSE,FALSE,FALSE,FALSE,1353,0
1021,1139,2,FALSE,FALSE,TRUE,FALSE,1354,0
1022,1132,1,FALSE,FALSE,FALSE,FALSE,1355,0
1022,1140,2,FALSE,FALSE,TRUE,FALSE,1356,0
1022,1141,3,FALSE,FALSE,TRUE,FALSE,1357,0
1022,1139,4,FALSE,FALSE,TRUE,FALSE,1358,0
1022,1053,5,FALSE,FALSE,FALSE,FALSE,1656,0
1022,1142,6,FALSE,FALSE,TRUE,FALSE,1359,0
1023,1133,1,FALSE,FALSE,FALSE,FALSE,1360,0
1023,1143,2,FALSE,FALSE,FALSE,FALSE,1361,0
1023,1144,3,FALSE,FALSE,FALSE,FALSE,1362,0
1023,1145,4,FALSE,FALSE,FALSE,FALSE,1363,0
1024,1134,1,FALSE,FALSE,FALSE,FALSE,1364,0
1024,1138,2,FALSE,FALSE,FALSE,FALSE,1365,0
1025,1146,1,FALSE,FALSE,FALSE,FALSE,1366,0
1025,1147,2,FALSE,FALSE,FALSE,FALSE,1367,0
1025,1147,3,FALSE,FALSE,FALSE,FALSE,1368,0
1025,1148,4,FALSE,TRUE,FALSE,FALSE,1369,0
1025,1149,5,FALSE,TRUE,FALSE,FALSE,1370,0
1025,1150,6,FALSE,TRUE,FALSE,FALSE,1371,0
1025,1149,7,FALSE,TRUE,FALSE,FALSE,1372,0
1025,1151,8,FALSE,TRUE,FALSE,FALSE,1373,0
1025,1169,10,FALSE,TRUE,FALSE,FALSE,1386,0
1025,1170,11,FALSE,TRUE,FALSE,TRUE,1387,0
1025,1171,12,FALSE,TRUE,FALSE,TRUE,1388,0
1025,1172,13,FALSE,TRUE,FALSE,FALSE,1389,0
1025,1173,14,FALSE,TRUE,FALSE,TRUE,1390,0
1025,1174,15,FALSE,TRUE,FALSE,FALSE,1391,0
1153,1156,1,TRUE,TRUE,FALSE,FALSE,1392,0
1153,1157,2,TRUE,TRUE,FALSE,FALSE,1375,0
1153,1158,3,FALSE,TRUE,FALSE,FALSE,1376,0
1153,1159,4,TRUE,TRUE,FALSE,FALSE,1377,0
1154,1160,1,TRUE,TRUE,FALSE,FALSE,1378,0
1154,1161,2,TRUE,TRUE,FALSE,FALSE,1379,0
1155,1162,1,TRUE,TRUE,FALSE,FALSE,1380,0
1155,1163,2,FALSE,TRUE,FALSE,FALSE,1381,0
1155,1164,3,TRUE,TRUE,FALSE,FALSE,1382,0
1155,1165,4,FALSE,TRUE,FALSE,FALSE,1383,0
1155,1166,5,TRUE,TRUE,FALSE,FALSE,1384,0
1155,1400,6,TRUE,TRUE,FALSE,FALSE,1667,0
1155,1401,7,TRUE,TRUE,FALSE,FALSE,1385,0
1155,1402,8,FALSE,TRUE,FALSE,FALSE,1668,0
1155,1403,9,TRUE,TRUE,FALSE,FALSE,1669,0
1155,1401,10,TRUE,TRUE,FALSE,FALSE,1670,0
1175,1180,1,TRUE,TRUE,FALSE,FALSE,1394,0
1175,1181,2,TRUE,TRUE,FALSE,FALSE,1395,0
1175,1182,3,FALSE,TRUE,TRUE,FALSE,1396,0
1175,1183,4,FALSE,TRUE,FALSE,TRUE,1397,0
1175,1184,5,FALSE,TRUE,TRUE,FALSE,1398,0
1175,1185,6,FALSE,TRUE,FALSE,TRUE,1399,0
1175,1186,7,FALSE,TRUE,TRUE,FALSE,1400,0
1175,1187,8,FALSE,TRUE,FALSE,TRUE,1401,0
1185,1188,1,FALSE,TRUE,FALSE,FALSE,1402,0
1185,1189,2,FALSE,TRUE,FALSE,FALSE,1403,0
1185,1190,3,FALSE,TRUE,FALSE,FALSE,1404,0
1185,1191,4,FALSE,TRUE,FALSE,FALSE,1405,0
1187,1192,1,FALSE,TRUE,FALSE,FALSE,1406,0
1187,1193,2,FALSE,TRUE,FALSE,FALSE,1407,0
1187,1190,3,FALSE,TRUE,FALSE,FALSE,1408,0
1187,1191,4,FALSE,TRUE,FALSE,FALSE,1409,0
1162,1194,1,FALSE,TRUE,FALSE,FALSE,1410,0
1162,1195,2,FALSE,TRUE,FALSE,FALSE,1411,0
1162,1196,3,FALSE,TRUE,FALSE,FALSE,1412,0
1176,1197,1,FALSE,TRUE,TRUE,FALSE,1413,0
1176,1199,2,FALSE,TRUE,FALSE,TRUE,1666,0
1176,1198,3,FALSE,TRUE,TRUE,FALSE,1414,0
1176,1199,4,FALSE,TRUE,FALSE,TRUE,1415,0
1176,1200,5,FALSE,TRUE,TRUE,FALSE,1416,0
1176,1199,6,FALSE,TRUE,FALSE,TRUE,1417,0
1176,1201,7,FALSE,TRUE,TRUE,FALSE,1418,0
1176,1199,8,FALSE,TRUE,FALSE,TRUE,1419,0
1176,1202,9,FALSE,TRUE,TRUE,FALSE,1420,0
1177,1203,1,FALSE,TRUE,FALSE,FALSE,1421,0
1203,1207,1,FALSE,TRUE,FALSE,FALSE,1422,0
1203,1204,2,TRUE,TRUE,FALSE,FALSE,1423,0
1203,1205,3,TRUE,TRUE,FALSE,FALSE,1424,0
1203,1206,4,TRUE,TRUE,FALSE,FALSE,1425,0
1203,1208,5,FALSE,TRUE,FALSE,FALSE,1426,0
1203,1209,6,FALSE,TRUE,FALSE,FALSE,1427,0
1203,1210,7,FALSE,TRUE,FALSE,FALSE,1428,0
1203,1397,8,FALSE,TRUE,FALSE,FALSE,1657,0
1203,1398,9,FALSE,TRUE,FALSE,FALSE,1658,0
1203,1399,10,FALSE,TRUE,FALSE,FALSE,1659,0
1178,1211,1,FALSE,TRUE,TRUE,FALSE,1429,0
1178,1199,2,FALSE,TRUE,FALSE,TRUE,1430,0
1178,1212,3,FALSE,TRUE,TRUE,FALSE,1431,0
1178,1199,4,FALSE,TRUE,FALSE,TRUE,1432,0
1178,1213,5,FALSE,TRUE,TRUE,FALSE,1433,0
1178,1199,6,FALSE,TRUE,FALSE,TRUE,1434,0
1178,1214,7,FALSE,TRUE,TRUE,FALSE,1435,0
1178,1199,8,FALSE,TRUE,FALSE,TRUE,1436,0
1178,1215,9,FALSE,TRUE,TRUE,FALSE,1437,0
1178,1216,10,FALSE,TRUE,FALSE,TRUE,1438,0
1178,1217,11,FALSE,TRUE,TRUE,FALSE,1439,0
1178,1199,12,FALSE,TRUE,FALSE,TRUE,1440,0
1178,1218,13,FALSE,TRUE,TRUE,FALSE,1441,0
1178,1199,14,FALSE,TRUE,FALSE,TRUE,1442,0
1178,1219,15,FALSE,TRUE,TRUE,FALSE,1443,0
1178,1199,16,FALSE,TRUE,FALSE,TRUE,1444,0
1178,1120,17,FALSE,TRUE,TRUE,TRUE,1445,0
1178,1199,18,FALSE,TRUE,FALSE,TRUE,1446,0
1179,1221,1,FALSE,FALSE,FALSE,FALSE,1447,0
1179,1222,2,FALSE,FALSE,FALSE,FALSE,1448,0
1179,1382,3,FALSE,FALSE,FALSE,TRUE,1660,0
1179,1383,4,FALSE,FALSE,FALSE,TRUE,1661,0
1179,1384,5,FALSE,FALSE,FALSE,TRUE,1662,0
1179,1385,6,FALSE,FALSE,FALSE,TRUE,1663,0
1179,1386,7,FALSE,FALSE,FALSE,TRUE,1664,0
1179,1387,8,FALSE,FALSE,FALSE,TRUE,1665,0
1179,1252,9,FALSE,TRUE,TRUE,FALSE,1450,0
1179,1238,10,FALSE,TRUE,FALSE,TRUE,1451,0
1237,1223,1,FALSE,TRUE,FALSE,FALSE,1452,0
1237,1224,2,FALSE,TRUE,FALSE,FALSE,1453,0
1237,1225,3,FALSE,TRUE,FALSE,FALSE,1454,0
1237,1226,4,FALSE,TRUE,FALSE,FALSE,1455,0
1237,1227,5,FALSE,TRUE,FALSE,FALSE,1456,0
1237,1228,6,FALSE,TRUE,FALSE,FALSE,1457,0
1237,1229,7,FALSE,TRUE,FALSE,FALSE,1458,0
1237,1230,8,FALSE,TRUE,FALSE,FALSE,1459,0
1237,1231,9,FALSE,TRUE,FALSE,FALSE,1460,0
1238,1233,1,FALSE,TRUE,FALSE,FALSE,1461,0
1238,1234,2,FALSE,TRUE,FALSE,FALSE,1462,0
1238,1235,3,FALSE,TRUE,FALSE,FALSE,1463,0
1238,1236,4,FALSE,TRUE,FALSE,FALSE,1464,0
1176,1239,9,FALSE,TRUE,TRUE,TRUE,1465,0
1176,1240,10,FALSE,TRUE,FALSE,TRUE,1466,0
1838,1241,1,FALSE,TRUE,FALSE,FALSE,1467,0
1838,1242,2,FALSE,TRUE,FALSE,FALSE,1468,0
1838,1243,3,FALSE,TRUE,FALSE,FALSE,1469,0
1838,1244,4,FALSE,TRUE,TRUE,FALSE,1470,0
1838,1286,5,FALSE,TRUE,FALSE,TRUE,1471,0
1838,1245,6,FALSE,TRUE,FALSE,FALSE,1472,0
1838,1246,7,FALSE,TRUE,FALSE,FALSE,1473,0
1838,1247,8,FALSE,TRUE,FALSE,FALSE,1474,0
1838,1248,9,FALSE,TRUE,FALSE,FALSE,1475,0
1838,1249,10,FALSE,TRUE,FALSE,FALSE,1476,0
1838,1250,11,FALSE,TRUE,FALSE,FALSE,1477,0
1838,1251,12,FALSE,TRUE,TRUE,FALSE,1478,0
1838,1310,13,FALSE,TRUE,FALSE,TRUE,1479,0
1838,11522,14,FALSE,TRUE,TRUE,FALSE,1480,0
1838,1310,15,FALSE,TRUE,FALSE,TRUE,1481,0
1838,1253,16,FALSE,TRUE,TRUE,FALSE,1482,0
1838,1311,17,FALSE,TRUE,FALSE,TRUE,1483,0
1838,1254,18,FALSE,TRUE,FALSE,FALSE,1484,0
1840,1255,1,FALSE,TRUE,FALSE,FALSE,1485,0
1840,1256,2,FALSE,TRUE,FALSE,FALSE,1486,0
1840,1257,3,FALSE,TRUE,FALSE,FALSE,1487,0
1840,1258,4,FALSE,TRUE,FALSE,FALSE,1488,0
1840,1259,5,FALSE,TRUE,FALSE,FALSE,1489,0
1840,1260,6,FALSE,TRUE,FALSE,FALSE,1490,0
1840,1261,7,FALSE,TRUE,FALSE,FALSE,1491,0
1840,1262,8,FALSE,TRUE,FALSE,FALSE,1492,0
1840,1263,9,FALSE,TRUE,FALSE,FALSE,1493,0
1840,1264,10,FALSE,TRUE,FALSE,FALSE,1494,0
1840,1265,11,FALSE,TRUE,FALSE,FALSE,1495,0
1840,1266,12,FALSE,TRUE,FALSE,FALSE,1496,0
1840,1254,13,FALSE,TRUE,FALSE,FALSE,1497,0
1841,1267,1,FALSE,TRUE,FALSE,FALSE,1498,0
1841,1268,2,FALSE,TRUE,FALSE,FALSE,1499,0
1841,1269,3,FALSE,TRUE,FALSE,FALSE,1500,0
1841,1270,4,FALSE,TRUE,FALSE,FALSE,1501,0
1841,1271,5,FALSE,TRUE,FALSE,FALSE,1502,0
1841,1272,6,FALSE,TRUE,FALSE,FALSE,1503,0
1841,1273,7,FALSE,TRUE,FALSE,FALSE,1504,0
1841,1274,8,FALSE,TRUE,TRUE,FALSE,1505,0
1841,1278,9,FALSE,TRUE,FALSE,TRUE,1506,0
1841,1275,10,FALSE,TRUE,TRUE,FALSE,1507,0
1841,1279,11,FALSE,TRUE,FALSE,TRUE,1508,0
1841,1276,12,FALSE,TRUE,TRUE,FALSE,1509,0
1841,1280,13,FALSE,TRUE,FALSE,TRUE,1510,0
1841,1277,14,FALSE,TRUE,TRUE,FALSE,1511,0
1841,1281,15,FALSE,TRUE,FALSE,TRUE,1512,0
1841,1282,16,FALSE,TRUE,TRUE,FALSE,1513,0
1841,1283,17,FALSE,TRUE,FALSE,TRUE,1514,0
1841,1284,18,FALSE,TRUE,FALSE,FALSE,1515,0
1841,1285,19,FALSE,TRUE,FALSE,FALSE,1516,0
1841,1254,20,FALSE,TRUE,FALSE,FALSE,1517,0
1842,1288,1,FALSE,TRUE,TRUE,FALSE,1518,0
1842,1183,2,FALSE,TRUE,FALSE,TRUE,1519,0
1842,1289,3,FALSE,TRUE,TRUE,FALSE,1520,0
1842,1290,4,FALSE,TRUE,FALSE,TRUE,1521,0
1842,1291,5,FALSE,TRUE,FALSE,FALSE,1522,0
1842,1292,6,FALSE,TRUE,FALSE,FALSE,1523,0
1842,1293,7,FALSE,TRUE,FALSE,FALSE,1524,0
1842,1294,8,FALSE,TRUE,TRUE,FALSE,1525,0
1842,1295,9,FALSE,TRUE,FALSE,TRUE,1526,0
1842,1296,10,FALSE,TRUE,TRUE,FALSE,1527,0
1842,1183,11,FALSE,TRUE,FALSE,TRUE,1528,0
1842,1297,12,FALSE,TRUE,FALSE,FALSE,1529,0
1842,1254,13,FALSE,TRUE,FALSE,FALSE,1530,0
1846,1298,1,FALSE,TRUE,FALSE,FALSE,1531,0
1846,1299,2,FALSE,TRUE,FALSE,FALSE,1532,0
1846,1300,3,FALSE,TRUE,TRUE,FALSE,1533,0
1846,1305,4,FALSE,TRUE,FALSE,TRUE,1534,0
1846,1301,5,FALSE,TRUE,FALSE,FALSE,1535,0
1846,1302,6,FALSE,TRUE,FALSE,FALSE,1536,0
1846,1303,7,FALSE,TRUE,TRUE,FALSE,1537,0
1846,1183,8,FALSE,TRUE,FALSE,TRUE,1538,0
1846,1304,9,FALSE,TRUE,TRUE,FALSE,1539,0
1846,1183,10,FALSE,TRUE,FALSE,TRUE,1540,0
1846,1306,11,FALSE,TRUE,FALSE,FALSE,1541,0
1846,1307,12,FALSE,TRUE,TRUE,FALSE,1542,0
1846,1308,13,FALSE,TRUE,FALSE,TRUE,1543,0
1846,1309,14,FALSE,TRUE,FALSE,FALSE,1544,0
1846,1254,15,FALSE,TRUE,FALSE,FALSE,1545,0
1849,1315,1,FALSE,TRUE,FALSE,FALSE,1546,0
1849,1316,2,FALSE,TRUE,FALSE,FALSE,1547,0
1849,1317,3,FALSE,TRUE,TRUE,FALSE,1548,0
1849,1318,4,FALSE,TRUE,FALSE,TRUE,1549,0
1849,1319,5,FALSE,TRUE,TRUE,FALSE,1550,0
1849,1305,6,FALSE,TRUE,FALSE,TRUE,1551,0
1849,1320,7,FALSE,TRUE,FALSE,FALSE,1552,0
1849,1321,8,FALSE,TRUE,FALSE,FALSE,1553,0
1849,1322,9,FALSE,TRUE,FALSE,FALSE,1554,0
1849,1323,10,FALSE,TRUE,FALSE,FALSE,1555,0
1849,1324,11,FALSE,TRUE,TRUE,FALSE,1556,0
1849,1183,12,FALSE,TRUE,FALSE,TRUE,1557,0
1849,1325,13,FALSE,TRUE,TRUE,FALSE,1558,0
1849,1326,14,FALSE,TRUE,FALSE,TRUE,1559,0
1849,1327,15,FALSE,TRUE,FALSE,FALSE,1560,0
1852,1328,1,FALSE,TRUE,FALSE,FALSE,1561,0
1852,1329,2,FALSE,TRUE,FALSE,FALSE,1562,0
1852,1330,3,FALSE,TRUE,TRUE,FALSE,1563,0
1852,1341,4,FALSE,TRUE,FALSE,TRUE,1564,0
1852,1331,5,FALSE,TRUE,TRUE,FALSE,1565,0
1852,1332,6,FALSE,TRUE,FALSE,TRUE,1566,0
1852,1333,7,FALSE,TRUE,FALSE,FALSE,1567,0
1852,1334,8,FALSE,TRUE,FALSE,FALSE,1568,0
1852,1335,9,FALSE,TRUE,TRUE,FALSE,1569,0
1852,1286,10,FALSE,TRUE,FALSE,TRUE,1570,0
1852,1336,11,FALSE,TRUE,FALSE,FALSE,1571,0
1852,1337,12,FALSE,TRUE,FALSE,FALSE,1572,0
1852,1338,13,FALSE,TRUE,TRUE,FALSE,1573,0
1852,1339,14,FALSE,TRUE,FALSE,TRUE,1574,0
1852,1340,15,FALSE,TRUE,TRUE,FALSE,1575,0
1852,1308,16,FALSE,TRUE,FALSE,TRUE,1576,0
1852,1254,17,FALSE,TRUE,FALSE,FALSE,1577,0
1341,1287,1,FALSE,TRUE,FALSE,FALSE,1578,0
1341,1312,2,FALSE,TRUE,FALSE,FALSE,1579,0
1341,1313,3,FALSE,TRUE,FALSE,FALSE,1580,0
1341,1314,4,FALSE,TRUE,FALSE,FALSE,1581,0
1853,1342,1,FALSE,TRUE,FALSE,FALSE,1582,0
1853,1343,2,FALSE,TRUE,FALSE,FALSE,1583,0
1853,1344,3,FALSE,TRUE,FALSE,FALSE,1584,0
1853,1345,4,FALSE,TRUE,TRUE,FALSE,1585,0
1853,1305,5,FALSE,TRUE,FALSE,TRUE,1586,0
1853,1346,6,FALSE,TRUE,FALSE,FALSE,1587,0
1853,1347,7,FALSE,TRUE,TRUE,FALSE,1588,0
1853,1305,8,FALSE,TRUE,FALSE,TRUE,1589,0
1853,1348,9,FALSE,TRUE,TRUE,FALSE,1590,0
1853,1350,10,FALSE,TRUE,FALSE,TRUE,1591,0
1853,1349,11,FALSE,TRUE,TRUE,FALSE,1592,0
1853,1351,12,FALSE,TRUE,FALSE,TRUE,1593,0
1853,1254,13,FALSE,TRUE,FALSE,FALSE,1594,0
1857,1352,1,FALSE,TRUE,FALSE,FALSE,1595,0
1857,1353,2,FALSE,TRUE,FALSE,FALSE,1596,0
1857,1354,3,FALSE,TRUE,FALSE,FALSE,1597,0
1857,1355,4,FALSE,TRUE,TRUE,FALSE,1598,0
1857,1356,5,FALSE,TRUE,FALSE,TRUE,1599,0
1857,1357,6,FALSE,TRUE,FALSE,FALSE,1600,0
1857,1358,7,FALSE,TRUE,FALSE,FALSE,1601,0
1857,1359,8,FALSE,TRUE,TRUE,FALSE,1602,0
1857,1360,9,FALSE,TRUE,FALSE,TRUE,1603,0
1857,1361,10,FALSE,TRUE,FALSE,FALSE,1604,0
1857,1362,11,FALSE,TRUE,FALSE,FALSE,1605,0
1857,1363,12,FALSE,TRUE,FALSE,FALSE,1606,0
1857,1364,13,FALSE,TRUE,TRUE,FALSE,1607,0
1857,1365,14,FALSE,TRUE,FALSE,TRUE,1608,0
1857,1366,15,FALSE,TRUE,FALSE,FALSE,1609,0
1857,1254,16,FALSE,TRUE,FALSE,FALSE,1610,0
1868,1367,1,FALSE,TRUE,FALSE,FALSE,1611,0
1868,1368,2,FALSE,TRUE,FALSE,FALSE,1612,0
1868,1369,3,FALSE,TRUE,FALSE,FALSE,1613,0
1868,1370,4,FALSE,TRUE,TRUE,FALSE,1614,0
1868,1305,5,FALSE,TRUE,FALSE,TRUE,1615,0
1868,1371,6,FALSE,TRUE,FALSE,FALSE,1616,0
1868,1372,7,FALSE,TRUE,TRUE,FALSE,1617,0
1868,1332,8,FALSE,TRUE,FALSE,TRUE,1618,0
1868,1373,9,FALSE,TRUE,TRUE,FALSE,1619,0
1868,1374,10,FALSE,TRUE,FALSE,TRUE,1620,0
1868,1375,11,FALSE,TRUE,TRUE,FALSE,1621,0
1868,1183,12,FALSE,TRUE,FALSE,TRUE,1622,0
1868,1376,13,FALSE,TRUE,TRUE,FALSE,1623,0
1868,1183,14,FALSE,TRUE,FALSE,TRUE,1624,0
1868,1377,15,FALSE,TRUE,TRUE,FALSE,1625,0
1868,1378,16,FALSE,TRUE,FALSE,TRUE,1626,0
1868,1379,17,FALSE,TRUE,TRUE,FALSE,1627,0
1868,1380,18,FALSE,TRUE,FALSE,TRUE,1628,0
1311,1287,1,FALSE,TRUE,FALSE,FALSE,1629,0
1311,1312,2,FALSE,TRUE,FALSE,FALSE,1630,0
1311,1313,3,FALSE,TRUE,FALSE,FALSE,1631,0
1311,1314,4,FALSE,TRUE,FALSE,FALSE,1632,0
1382,1388,1,TRUE,TRUE,FALSE,FALSE,1647,0
1382,1389,2,TRUE,TRUE,FALSE,FALSE,1648,0
1382,1390,3,TRUE,TRUE,FALSE,FALSE,1649,0
1382,1391,4,TRUE,TRUE,FALSE,FALSE,1650,0
1382,1392,5,TRUE,TRUE,FALSE,FALSE,1651,0
1382,1393,6,TRUE,TRUE,FALSE,FALSE,1652,0
1382,1394,7,TRUE,TRUE,FALSE,FALSE,1653,0
1382,1395,8,TRUE,TRUE,FALSE,FALSE,1654,0
1382,1396,9,TRUE,TRUE,FALSE,FALSE,1655,0
1026,1405,1,FALSE,FALSE,FALSE,FALSE,1671,0
1026,1414,2,TRUE,TRUE,TRUE,FALSE,1682,0
1026,1415,3,FALSE,FALSE,FALSE,TRUE,1683,0
1026,1442,4,FALSE,TRUE,FALSE,TRUE,1710,0
1026,1416,5,TRUE,FALSE,FALSE,TRUE,1684,0
1026,1417,6,TRUE,TRUE,FALSE,TRUE,1685,0
1026,1418,7,TRUE,TRUE,FALSE,TRUE,1686,0
1026,1419,8,TRUE,TRUE,FALSE,TRUE,1687,0
1026,1420,9,TRUE,TRUE,FALSE,TRUE,1688,0
1026,1421,10,TRUE,TRUE,FALSE,TRUE,1689,0
1026,1422,11,TRUE,TRUE,FALSE,TRUE,1690,0
1026,1423,12,TRUE,TRUE,FALSE,TRUE,1691,0
1026,1443,13,FALSE,TRUE,FALSE,TRUE,1711,0
1026,1105,14,FALSE,TRUE,TRUE,TRUE,1692,0
1026,1424,15,TRUE,TRUE,FALSE,TRUE,1693,0
1026,1425,16,FALSE,FALSE,FALSE,TRUE,1694,0
1026,1426,17,FALSE,FALSE,FALSE,TRUE,1695,0
1026,1427,18,FALSE,FALSE,FALSE,TRUE,1696,0
1026,1428,19,FALSE,FALSE,FALSE,TRUE,1697,0
1026,1429,20,FALSE,FALSE,FALSE,TRUE,1698,0
1026,1430,21,FALSE,FALSE,FALSE,TRUE,1699,0
1026,1431,22,FALSE,FALSE,FALSE,TRUE,1700,0
1026,1441,23,FALSE,FALSE,TRUE,TRUE,1701,0
1026,1437,24,FALSE,TRUE,TRUE,TRUE,1702,0
1026,1438,25,FALSE,TRUE,FALSE,TRUE,1703,0
1026,1439,26,FALSE,TRUE,FALSE,TRUE,1704,0
1441,1432,1,FALSE,FALSE,FALSE,FALSE,1705,0
1441,1433,2,FALSE,FALSE,FALSE,FALSE,1706,0
1441,1434,3,FALSE,FALSE,FALSE,FALSE,1707,0
1441,1435,4,FALSE,FALSE,FALSE,FALSE,1708,0
1441,1436,5,FALSE,FALSE,FALSE,FALSE,1709,0
